CAT,A,B,C
0,0.585946845,0.227583361,0.016946762
1,0.37255454,0.189435964,0.920502008
1,0.319023101,0.82149186,0.016330889
2,0.980621925,0.73916966,0.935590238
2,0.096064503,0.873083128,0.562480107
2,0.834697066,0.972017742,0.21655965
